,Alphabet Index,Character
0,A,
1,A,Mrs. Abbott
2,A,Abbott family
3,A,Hannah Abbott
4,A,Abel Treetops
5,A,Euan Abercrombie
6,A,Aberforth Dumbledore
7,A,Abernathy
8,A,Abraham Peasegood
9,A,Abraham Potter
10,A,Abraxas Malfoy
11,A,Achilles Tolliver
12,A,Stewart Ackerley
13,A,Adalbert Waffling
14,A,Adrian Pucey
15,A,Adrian Tutley
16,A,three African wizards
17,A,Agatha Chubb
18,A,Agatha Timms
19,A,Agilbert Fontaine
20,A,Agnes
21,A,Cornelius Agrippa
22,A,Aidan Kiely
23,A,Aidan Lynch
24,A,Alasdair Maddock
25,A,Alastor Gumboil
26,A,Mad-Eye Moody
27,A,Albanian peasant
28,A,Alberic Grunnion
29,A,Alberta Toothill
30,A,Albert Boot
31,A,Albert Jorkins
32,A,Albert Runcorn
33,A,Albert Tillyman
34,A,Albus Dumbledore
35,A,Albus Potter
36,A,Alderton
37,A,Arkie Alderton
38,A,Alecto Carrow
39,A,Alfred Cattermole
40,A,Alguff the Awful
41,A,Ali Bashir
42,A,Alice Longbottom
43,A,Alicia Spinnet
44,A,Aliko Okoye
45,A,Raul Almeida
46,A,Almerick Sawbridge
47,A,Alejandra Alonso
48,A,Alphard Black
49,A,Altheda
50,A,Amarillo Lestoat
51,A,Amata
52,A,Ambrosius Flume
53,A,Amelia Susan Bones
54,A,Amos Diggory
55,A,Amy Benson
56,A,Amycus Carrow
57,A,P.C. Anderson
58,A,Andorran Minister for Magic
59,A,Andrew Kirke
60,A,Andromeda Tonks
61,A,Andros the Invincible
62,A,Angelina Johnson
63,A,Angelus Peel
64,A,Angus Buchanan
65,A,Angus Campbell
66,A,Angus Fleet
67,A,Angus McMangus
68,A,Annis Black
69,A,Anonymous
70,A,Anthony Goldstein
71,A,Antioch Peverell
72,A,Antonin Dolohov
73,A,Antonio
74,A,Apolline Delacour
75,A,Apollyon Pringle
76,A,Mrs. Figg
77,A,Aragog
78,A,Araminta Meliflua
79,A,Archer Evermonde
80,A,Archibald Alderton
81,A,Archie
82,A,Archie Aymslowe
83,A,Arcturus Black (1884)
84,A,Arcturus Black (1901)
85,A,Arcus
86,A,Argus Filch
87,A,Argus Pyrites
88,A,Ariana Dumbledore
89,A,Aristotle Twelvetrees
90,A,Arkie Philpott
91,A,Armand Malfoy
92,A,Armando Dippet
93,A,Armenian warlock
94,A,Arnold
95,A,Arnold Guzman
96,A,Arnie Peasegood
97,A,Arnulf Moe
98,A,Arsenia Gonzales
99,A,Arsenius Jigger
100,A,Artemisia Lufkin
101,A,Artemius Lawson
102,A,Arthur's contact at the Floo Regulation Panel
103,A,Arthur Weasley
104,A,Arturo Cephalopos
105,A,Asha
106,A,Astoria Greengrass
107,A,Over-Attentive Wizard
108,A,Bertram Aubrey
109,A,Audrey Weasley
110,A,"Augusta ""Gran"" Longbottom"
111,A,Augustus Pye
112,A,Augustus Rookwood
113,A,Augustus Worme
114,A,Auntie Muriel
115,A,Aunt Marge Dursley
116,A,Aurelius Dumbledore
117,A,Professor Sinistra
118,A,Avery
119,A,Avery family
120,B,
121,B,Babajide Akingbade
122,B,Babayaga
123,B,Babbitty Rabbitty
124,B,Bagman Sr.
125,B,Bagman family
126,B,Ludo Bagman
127,B,Otto Bagman
128,B,Millicent Bagnold
129,B,Bathilda Bagshot
130,B,Kquewanda Bailey
131,B,Ballyfumble Stranger
132,B,Bandon Banshee
133,B,Bane
134,B,Heathcote Barbary
135,B,José Barboza
136,B,Bartholomew Barebone
137,B,Chastity Barebone
138,B,Credence Barebone
139,B,Barebone Family
140,B,Mary Lou Barebone
141,B,Modesty Barebone
142,B,Lucas Bargeworthy
143,B,Barker
144,B,Barnabas the Barmy
145,B,Barnabas Cuffe
146,B,Barnabas Deverill
147,B,Barnabus Finkley
148,B,Barnaby Snell
149,B,Cousin Barny
150,B,Barry Ryan
151,B,Barty Crouch Jr.
152,B,Barty Crouch Sr.
153,B,Baruffio
154,B,Ali Bashir
155,B,Basil
156,B,Basil Flack
157,B,Basil Horton
158,B,Bathsheda Babbling
159,B,Barny the Fruitbat
160,B,Charlie Baverstock
161,B,Beatrix Bloxam
162,B,Beaumont Marjoribanks
163,B,several Beauxbatons students
164,B,Beedle the Bard
165,B,Herbert Beery
166,B,Mr. Belby
167,B,Humphrey Belcher
168,B,Katie Bell
169,B,Brother Benedict
170,B,Benedita Dourado
171,B,Benjy Fenwick
172,B,Benjy Williams
173,B,Amy Benson
174,B,Bernadette
175,B,Bernie Pillsworth
176,B,Bertha Jorkins
177,B,Bertha Jorkins' second cousin
178,B,Berthilde Roche
179,B,Bertie Bott
180,B,Bertie Higgs
181,B,Bertram Aubrey
182,B,Bertrand de Pensées-Profondes
183,B,BF
184,B,Bill's penfriend from Brazil
185,B,Bill Weasley
186,B,Billy Stubbs
187,B,Mr. Bingley
188,B,Binky
189,B,Professor Binns
190,B,Brevis Birch
191,B,Dennis Bishop
192,B,Alphard Black
193,B,Annis Black
194,B,Arcturus Black (1884)
195,B,Arcturus Black (1901)
196,B,Bellatrix Lestrange
197,B,Belvina Black
198,B,Callidora Black
199,B,Cassiopeia Black
200,B,Charis Black
201,B,Cygnus Black
202,B,Cygnus Black (1889)
203,B,Black family
204,B,Iola Black
205,B,Marius Black
206,B,Orion Black
207,B,Phineas Black
208,B,Pollux Black
209,B,Dorea Black Potter
210,B,Regulus Black
211,B,Sirius Black
212,B,Cedrella Black Weasley
213,B,Blagdon Blay
214,B,Blaise Zabini
215,B,Blaise Zabini's mother
216,B,Susan Blancheflower
217,B,Balfour Blane
218,B,Blenheim Stalk
219,B,Barnabus Blenkinsop
220,B,Timothy Blenkinsop
221,B,Bletchley
222,B,Miles Bletchley
223,B,old bloke picking his nose
224,B,Jean-Baptiste Bloncourt
225,B,The Bloody Baron
226,B,Blodwyn Bludd
227,B,Bludgeoning Boggart of Old London Town
228,B,"Bob, Bill, and Barnaby Ollerton"
229,B,Bobbin family
230,B,Melinda Bobbin
231,B,Bob Hitchens
232,B,Bob Ogden
233,B,Broderick Bode
234,B,Old Boggle of Canterbury
235,B,Bogomil Levski
236,B,Bogrod
237,B,Sylvian Boigny
238,B,Bole
239,B,Hector Bolobolo
240,B,Bonawentura Wójcik
241,B,Bones family
242,B,Mr. and Mrs. Bones
243,B,Amelia Susan Bones
244,B,Susan Bones
245,B,Madame Bonhabille
246,B,Brother Boniface
247,B,Mr. Boot
248,B,Mrs. Boot
249,B,Albert Boot
250,B,Chadwick Boot
251,B,Gladys Boothby
252,B,Webster Boot
253,B,Libatius Borage
254,B,Mr. Borgin
255,B,Borgin
256,B,Boris the Bewildered
257,B,Boris Vulchanov
258,B,Craig Bowker Jr.
259,B,Bowman Wright
260,B,Bozo
261,B,Bradley
262,B,Barberus Bragge
263,B,Bragging Young Wizard
264,B,Betty Braithwaite
265,B,Bran the Bloodthirsty
266,B,Rudolf Brand
267,B,Maximus Brankovitch III
268,B,Brian Gadwilde
269,B,Bridget Wenlock
270,B,Bridget Wenlock's cousin
271,B,Cormac O’Brien
272,B,British envoy to the International Confederation of Wizards
273,B,Karl and Kevin Broadmoor
274,B,Brodrig the Boss-Eyed
275,B,Lavender Brown
276,B,Bruno Schmidt
277,B,Brutus Malfoy
278,B,Brutus Scrimgeour
279,B,Bruno Bruunhart
280,B,Angus Buchanan
281,B,Buckbeak
282,B,Buckley Cooper
283,B,Zygmunt Budge
284,B,Bulstrode family
285,B,K. Bundy
286,B,Bungy the Budgie
287,B,Bunty
288,B,Charity Burbage
289,B,Burdock Muldoon
290,B,Caractacus Burke
291,B,Burke family
292,C,
293,C,Cadmus Peverell
294,C,Cadwallader
295,C,Calchas
296,C,Calderon-Boot family
297,C,Callidora Black
298,C,Angus Campbell
299,C,Lennox Campbell
300,C,Cantankerus Nott
301,C,S. Capper
302,C,Caractacus Burke
303,C,Caradoc Dearborn
304,C,O.W.L. Care of Magical Creatures Examiner
305,C,Carlos Lopez
306,C,Carlotta Pinkstone
307,C,Eddie Carmichael
308,C,Rancorous Carpe
309,C,Carrow
310,C,Alecto Carrow
311,C,Amycus Carrow
312,C,Carrow family
313,C,Caspar Crouch
314,C,Cassandra Trelawney
315,C,Cassandra Vablatsky
316,C,Cassiopeia Black
317,C,Catriona McCormack
318,C,Cattermole family
319,C,Reginald Cattermole
320,C,Catullus Spangle
321,C,Cecilia
322,C,Cecily
323,C,Cedrella Black Weasley
324,C,Cedric Diggory
325,C,Celestina Warbeck
326,C,Chadwick Boot
327,C,Chambers
328,C,Cho Chang
329,C,Polly Chapman
330,C,Charis Black
331,C,Charity Burbage
332,C,Charity Wilkinson
333,C,Charlie Baverstock
334,C,Charlie Weasley
335,C,Charlus Potter
336,C,Chastity Barebone
337,C,Chauncey Oldridge
338,C,Glenda Chittock
339,C,Herbert Chorley
340,C,The Chosen One
341,C,Agatha Chubb
342,C,Winston Churchill
343,C,Ciceron Harkiss
344,C,Circe
345,C,Elfrida Clagg
346,C,Clairvius Hyppolite
347,C,Clarisse Tremblay
348,C,Ptolemy
349,C,Penelope Clearwater
350,C,Cliodna
351,C,Carlos Clodoaldo
352,C,Edgar Cloggs
353,C,João Coelho
354,C,Mrs. Cole
355,C,Colin Creevey
356,C,Colonel Fubster
357,C,Magenta Comstock
358,C,Connolly
359,C,cook at the Riddle House
360,C,Buckley Cooper
361,C,Howland Coopey
362,C,Ritchie Coote
363,C,Corban Yaxley
364,C,Cordelia Misericordia
365,C,Cormac O’Brien
366,C,Cormack McLeod
367,C,Cormac McLaggen
368,C,Cornelius Agrippa
369,C,Cornelius Fudge
370,C,Michael Corner
371,C,Corvinus Gaunt
372,C,Corvus Lestrange Jr.
373,C,Corvus Lestrange Sr.
374,C,Gregory Cotton
375,C,Count Vlad Drakul
376,C,"second cousin, the accountant"
377,C,Cousin Barny
378,C,Crabbe Sr.
379,C,Crabbe family
380,C,Ellen Cracknell
381,C,Elfrida Cragg
382,C,Craig Bowker Jr.
383,C,Credence Barebone
384,C,Creevey family
385,C,Mr. Creevey
386,C,Mrs. Cresswell
387,C,Dirk Cresswell
388,C,Cresswell family
389,C,Cresswell sons
390,C,Venusia Crickerly
391,C,Delfina Crimp
392,C,Professor Saul Croaker
393,C,Doris Crockford
394,C,Crispin Cronk
395,C,Glinda Crook
396,C,Crookshanks
397,C,Mrs. Crouch
398,C,Barty Crouch Jr.
399,C,Barty Crouch Sr.
400,C,Crouch family
401,C,Maximillian Crowdy
402,C,Barnabas Cuffe
403,C,curly-haired Beauxbatons student
404,C,Cuthbert Mockridge
405,C,Cyclops
406,C,Cygnus Black
407,C,Cygnus Black (1889)
408,C,Cyprian Youdle
409,D,
410,D,Dagbert Pips
411,D,Hector Dagworth-Granger
412,D,Dangerous Dai Llewellyn
413,D,Daisy Dodderidge
414,D,Daisy Hookum
415,D,Daisy Pennifold
416,D,Damocles Belby
417,D,Damocles Rowle
418,D,Daphne Greengrass
419,D,Darius Smackhammer
420,D,Dark Lord
421,D,Darren Floyd
422,D,Darren O'Hare
423,D,Davey Gudgeon
424,D,Roger Davies
425,D,John Dawlish
426,D,Dean Thomas
427,D,Dean Thomas' wizard father
428,D,Caradoc Dearborn
429,D,Death
430,D,Death Eater with the baby head
431,D,Dedalus Diggle
432,D,Apolline Delacour
433,D,Delacour family
434,D,Fleur Delacour
435,D,Sir Patrick Delaney-Podmore
436,D,Lisette de Lapin
437,D,Delfina Crimp
438,D,Delphi
439,D,Demelza Robins
440,D,Demetrius J. Prod
441,D,Nearly-Headless Nick
442,D,Dempster Wiggleswade
443,D,Dennis
444,D,Dennis Bishop
445,D,Dennis Creevey
446,D,Dennis Moon
447,D,Bertrand de Pensées-Profondes
448,D,Derek
449,D,Derrick
450,D,Dilys Derwent
451,D,Derwent Shimpling
452,D,Barnabas Deverill
453,D,Philbert Deverill
454,D,Devlin Whitehorn
455,D,Dexter Fortescue
456,D,Diadema (Goshawk?)
457,D,Fernando Diaz
458,D,Mrs. Diggory
459,D,Amos Diggory
460,D,Cedric Diggory
461,D,Delphini Diggory
462,D,Eldritch Diggory
463,D,Diggory family
464,D,Dimitrov
465,D,Harold Dingle
466,D,Dirk Cresswell
467,D,Dishwasher at the Leaky Cauldron
468,D,Emma Dobbs
469,D,Dobby
470,D,Dodgy Dirk
471,D,Elphias Doge
472,D,Antonin Dolohov
473,D,Dolores Umbridge
474,D,Dolores Umbridge's brother
475,D,Dominique Weasley
476,D,Donaghan Tremlett
477,D,Dorcas Meadowes
478,D,Dorcus Twelvetrees
479,D,Dorcas Wellbeloved
480,D,Dorea Black Potter
481,D,Doris Crockford
482,D,Doris Purkiss
483,D,Ragmar Dorkins
484,D,J. Dorny
485,D,Dot
486,D,Dougal
487,D,Dougal McBride
488,D,Dougal McGregor
489,D,Distractible Douglas
490,D,Draco Malfoy
491,D,Dimitar Draganov
492,D,Dragomir Despard
493,D,Dragomir Gorgovitch
494,D,Count Vlad Drakul
495,D,Filibuster
496,D,Dr. Ubbly
497,D,Druella Rosier
498,D,Dugald McPhail
499,D,Irma Dugard
500,D,Matilda Dukelow
501,D,Aberforth Dumbledore
502,D,Albus Dumbledore
503,D,Ariana Dumbledore
504,D,Aurelius Dumbledore
505,D,Dumbledore family
506,D,Kendra Dumbledore
507,D,Percival Dumbledore
508,D,dumpy wizard with a large black moustache
509,D,Dunbar Oglethorpe
510,D,B. Dunstan
511,D,Priscilla Dupont
512,D,Dudley Dursley
513,D,Dursley family
514,D,Aunt Marge Dursley
515,D,Petunia Dursley
516,D,Vernon Dursley
517,D,Dylan Marwood
518,D,Dymphna Furmage
519,D,Dzou Yen
520,E,
521,E,Eargit the Ugly
522,E,Earl of Paunchley
523,E,Lorcan d'Eath
524,E,Heinrich Eberstadt
525,E,Eddie Carmichael
526,E,Edgar Bones
527,E,Edgar Cloggs
528,E,Edgar Stroulger
529,E,Marietta Edgecombe
530,E,Edmund Gaddlegate
531,E,Teddy Lupin
532,E,Ted Tonks
533,E,Egbert the Egregious
534,E,Eglantine Puffett
535,E,Egmont Elvert Hobday
536,E,Eileen Prince Snape
537,E,Ekrizdis
538,E,elderly committee member of the Committee for the Disposal of Dangerous Creatures
539,E,Eldon Elsrickle
540,E,Eldred Worple
541,E,Eldritch Diggory
542,E,Eleanor Branstone
543,E,Elfric the Eager
544,E,Elfrida Clagg
545,E,Elfrida Cragg
546,E,Eliana
547,E,Elias Grimstone
548,E,Elias Story
549,E,Elizabeth McGilliguddy
550,E,Elizabeth Smudgling
551,E,Queen Elizabeth I
552,E,Elveira Elkins
553,E,Elladora Black (1850)
554,E,Elladora Black (aunt of Sirius)
555,E,Elladora Guffy
556,E,Elladora Ketteridge
557,E,Ellen Cracknell
558,E,Ellerby
559,E,Ellie Cattermole
560,E,Elliot Smethwyck
561,E,Elodie Dembélé
562,E,Eloise Midgen/Eloise Midgeon
563,E,Elphias Doge
564,E,Elphinstone Urquart
565,E,Elsie
566,E,Elsie Prod
567,E,Emeric the Evil
568,E,Emeric Switch
569,E,Emily Rappaport
570,E,Emma Dobbs
571,E,Emmeline Vance
572,E,Enid Smeek
573,E,Samuel Equiano
574,E,Erica Stainwright
575,E,Eric Munch
576,E,Eric Whalley
577,E,Ernie Macmillan
578,E,Ernie Prang
579,E,Errol
580,E,Mrs. Esposito
581,E,Ethelbald Mordaunt
582,E,Ethelred the Ever-Ready
583,E,Euan Abercrombie
584,E,Eugenia Jenkins
585,E,Eulalie Hicks
586,E,Eunice Murray
587,E,Euphemia Potter
588,E,Euphemia Rowle
589,E,Eupraxia Mole
590,E,Eurig Cadwallader
591,E,Evangeline Orpington
592,E,Evan Rosier
593,E,Mr. Evans
594,E,Mrs. Evans
595,E,Evans family
596,E,Everard
597,E,Archer Evermonde
598,F,
599,F,Fabian Prewett
600,F,Fabius Watkins
601,F,Falco Aesalon
602,F,Perpetua Fancourt
603,F,Fang
604,F,"Faris ""Spout-hole"" Spavin"
605,F,Gemma Farley
606,F,The Fat Friar
607,F,The Fat Lady
608,F,Franziska Faust
609,F,Miss S. Fawcett
610,F,Fawcett family
611,F,Fawkes
612,F,Fawley family
613,F,Hector Fawley
614,F,Felix Summerbee
615,F,Fenrir Greyback
616,F,Benjy Fenwick
617,F,Mervyn Fenwick
618,F,Ferdinand Jägendorf
619,F,Fergus
620,F,Fernando Diaz
621,F,Fifi LaFolle
622,F,Mrs. Figg
623,F,Argus Filch
624,F,Filibuster
625,F,Finbar Quigley
626,F,Mr Finch-Fletchley
627,F,Mrs. Finch-Fletchley
628,F,Finch-Fletchley family
629,F,Fingal the Fearless
630,F,Barnabus Finkley
631,F,Finn
632,F,Mr. Finnigan
633,F,Mrs. Finnigan
634,F,Finnigan family
635,F,Seamus Finnigan
636,F,Firenze
637,F,Wilhelm Fischer
638,F,Basil Flack
639,F,O'Flaherty
640,F,Ortiz O'Flaherty
641,F,Nicolas Flamel
642,F,Perenelle Flamel
643,F,Flavius Belby
644,F,Fleamont Potter
645,F,Fleetwood
646,F,Hedley Fleetwood
647,F,Able Fleming
648,F,Mundungus Fletcher
649,F,Laurentia Fletwock
650,F,Fleur Delacour
651,F,Fleur's Veela grandmother
652,F,Flint family
653,F,Josephina Flint
654,F,Marcus Flint
655,F,Filius Flitwick
656,F,Florean Fortescue
657,F,Florence
658,F,Gonçalo Flores
659,F,Darren Floyd
660,F,Fluffy
661,F,Flurry
662,F,Agilbert Fontaine
663,F,Fontaine family
664,F,Theodard Fontaine
665,F,Food Trolley Lady aboard Hogwarts Express
666,F,Dexter Fortescue
667,F,Frank
668,F,Frank Bryce
669,F,Frank Longbottom
670,F,Fred Weasley
671,F,Fred Weasley (II)
672,F,Otmar Frick
673,F,Fridwulfa
674,F,Colonel Fubster
675,F,Mrs Fudge
676,F,Cornelius Fudge
677,F,Fudge family
678,F,Rufus Fudge
679,F,Fulbert the Fearful
680,F,Dymphna Furmage
681,G,
682,G,Gabrielle Delacour
683,G,Gabriel Truman
684,G,Edmund Gaddlegate
685,G,Brian Gadwilde
686,G,Galatea Merrythought
687,G,Ottaline Gambol
688,G,Gamp family
689,G,Ulick Gamp
690,G,gang of sixth-year girls susceptible to fame and glamour
691,G,gang of Slytherin girls
692,G,Garrick Ollivander
693,G,Garvin Lünger
694,G,Gaspard Shingleton
695,G,Corvinus Gaunt
696,G,Gaunt family
697,G,Marvolo Gaunt
698,G,Merope Gaunt
699,G,Morfin Gaunt
700,G,Gawain Robards
701,G,Gemma Farley
702,G,Ferdinand Jägendorf
703,G,Geoffrey Hooper
704,G,George Weasley
705,G,Georgina Smyth
706,G,Georgios Xenakis
707,G,Georgi Zdravko
708,G,Geraint Ollivander
709,G,Gerbold Octavius Ollivander
710,G,Gerda Curd
711,G,Gertie Keddle
712,G,Gervaise Ollivander
713,G,Ghost of a knight with an arrow sticking out of his forehead
714,G,Ghost of a ragged man wearing chains
715,G,Ghosts of gloomy nuns
716,G,ghouls
717,G,Gibbon
718,G,Gideon Crumb
719,G,Gideon Flatworthy
720,G,Gideon Prewett
721,G,Gifford Ollerton
722,G,Gilbert Wimple
723,G,Gilderoy Lockhart
724,G,Ginny Weasley
725,G,Gladys Boothby
726,G,Glanmore Peakes
727,G,Glenda Chittock
728,G,Glinda Crook
729,G,Glover Hipworth
730,G,Gnarlak
731,G,Godelot
732,G,Anthony Goldstein
733,G,Goldstein family
734,G,Queenie Goldstein
735,G,Golgomath
736,G,Goliath
737,G,Golpalott
738,G,Gonçalo Flores
739,G,Gondoline Oliphant
740,G,Arsenia Gonzales
741,G,Goodwin Kneen
742,G,Gordon
743,G,Hesphaestus Gore
744,G,Dragomir Gorgovitch
745,G,Gormlaith Gaunt
746,G,Gornuk
747,G,Goshawk family
748,G,Diadema (Goshawk?)
749,G,Miranda Goshawk (1921-)
750,G,Romilda (Goshawk?)
751,G,Tangwystl (Goshawk?)
752,G,Goyle Sr.
753,G,Goyle family
754,G,Graham Pritchard
755,G,Mr. Granger
756,G,Mrs. Granger
757,G,Granger family
758,G,Hermione Granger
759,G,Hugo Granger-Weasley
760,G,Rose Granger-Weasley
761,G,Granville Jorkins
762,G,Graves family
763,G,Gondulphus Graves
764,G,Merton Graves
765,G,Percival Graves
766,G,Grawp
767,G,Great Auntie Enid
768,G,The Great Humberto
769,G,Great Uncle Algie
770,G,Greek chappie
771,G,Astoria Greengrass
772,G,Daphne Greengrass
773,G,Greengrass family
774,G,Gregorovitch
775,G,Gregory Cotton
776,G,Gregory Goyle
777,G,Gregory the Smarmy
778,G,Greta Catchlove
779,G,Fenrir Greyback
780,G,The Grey Lady
781,G,Glynnis Griffiths
782,G,Wilda Griffiths
783,G,Grimmson
784,G,Robert Grimsditch
785,G,Elias Grimstone
786,G,Grimwold Jorkins
787,G,Gellert Grindelwald
788,G,Gringott
789,G,Griphook
790,G,Griselda Harmonia Jorkins
791,G,Griselda Marchbanks
792,G,Grizel Hurtz
793,G,Grogan Stump
794,G,group of witches from the Salem Witches' Institute
795,G,Stoyanka Grozda
796,G,Wilhelmina Grubbly-Plank
797,G,grubby-looking wizard
798,G,Grugwyn Rufford
799,G,Alberic Grunnion
800,G,Godric Gryffindor
801,G,Malodora Grymm
802,G,Davey Gudgeon
803,G,Galvin Gudgeon
804,G,Gladys Gudgeon
805,G,Elladora Guffy
806,G,Zamira Gulch
807,G,Gulliver Pokeby
808,G,Alastor Gumboil
809,G,Gunhilda of Gorsemoor
810,G,Gunhilda Kneen
811,G,Gurg
812,G,Guthrie Lochrin
813,G,Arnold Guzman
814,G,Gwendolyn Morgan
815,G,Gwenog
816,G,Gwenog Jones
817,H,
818,H,Hagrid family
819,H,Hagrid's father
820,H,Hambledon Quince
821,H,Hamish MacFarlan
822,H,Hankerton Humble
823,H,Hannah Abbott
824,H,Hannah Cockleford
825,H,Hans the Augurey
826,H,"Hardwin, son of Linfred of Stinchcombe"
827,H,Darren O'Hare
828,H,Harfang Longbottom
829,H,Harfang Munter
830,H,Ciceron Harkiss
831,H,Harold Dingle
832,H,Harold Minchum
833,H,Harold Skively
834,H,Harper
835,H,Harry Potter
836,H,Harvey Ridgebit
837,H,Hassan Mostafa
838,H,Havelock Sweeting
839,H,head of the Bulgarian Department of Magical Games and Sports
840,H,Nearly-Headless Nick
841,H,Heathcote Barbary
842,H,Hector Bolobolo
843,H,Hector Dagworth-Granger
844,H,Hector Fawley
845,H,Hector Lamont
846,H,Hedley Fleetwood
847,H,Hedwig
848,H,Cornelius Agrippa
849,H,Heinrich Eberstadt
850,H,Helena Ravenclaw
851,H,The Grey Lady
852,H,Heliotrope Willis
853,H,Helmut Weiss
854,H,Hengist of Upper Barnton
855,H,Hengist of Woodcroft
856,H,King Henry VI
857,H,Henry
858,H,"Henry ""Harry"" Potter"
859,H,Henry Shaw
860,H,Henry Shaw Jr.
861,H,Hepzibah Smith
862,H,Herbert Beery
863,H,Herbert Burke
864,H,Herbert Chorley
865,H,Helbert Spleen
866,H,Hereward
867,H,Herman Junker
868,H,Herman Wintringham
869,H,Hermes
870,H,Hermione Granger
871,H,Herpo the Foul
872,H,Hesper Gamp
873,H,Hesper Starkey
874,H,Hesphaestus Gore
875,H,Hestia Jones
876,H,Hetty Bayliss
877,H,Eulalie Hicks
878,H,Shanice Higgins
879,H,Bertie Higgs
880,H,Hippocrates Smethwyck
881,H,Bob Hitchens
882,H,Hobday family
883,H,Egmont Elvert Hobday
884,H,Hilliard Hobday
885,H,Violetta Hobday
886,H,Hodrod the Horny-Handed
887,H,Hogwarts governors
888,H,Hogwarts house-elves
889,H,Hokey
890,H,Honest Willy Wagstaff
891,H,Masaki Hongo
892,H,Honoria
893,H,Honoria's fiance
894,H,Honoria Nutcombe
895,H,Madam Hooch
896,H,Daisy Hookum
897,H,Geoffrey Hooper
898,H,Mafalda Hopkirk
899,H,Hoppy
900,H,Kevin Hopwood
901,H,Horace Slughorn
902,H,Olive Hornby
903,H,Hortensia Milliphutt
904,H,Basil Horton
905,H,Hope Howell Lupin
906,H,Howland Coopey
907,H,Helga Hufflepuff
908,H,Hugo Granger-Weasley
909,H,Humphrey Belcher
910,H,Grizel Hurtz
911,H,Clairvius Hyppolite
912,H,Helixa Hyslop
913,I,
914,I,Royston Idlewind
915,I,Idris Oakby
916,I,Iefan Rice
917,I,Ignatia Wildsmith
918,I,Ignatius Prewett
919,I,Ignatius Tuft
920,I,Ignotus Peverell
921,I,Igor Karkaroff
922,I,Illyius
923,I,Ingolfr the Iambic
924,I,Inigo Imago
925,I,Injured girl comforted by Ginny
926,I,Iola Black
927,I,Iolanthe Peverell
928,I,Irene Kneedander
929,I,Irish Leprechauns
930,I,Irma Crabbe
931,I,Irma Dugard
932,I,Irma Pince
933,I,Irving Warble
934,I,Isadora Rose
935,I,Isobel McGonagall
936,I,Isobel Ross
937,I,Isolt Sayre
938,I,Ivanova
939,I,Ivan Popa
940,I,Ivor Dillonsby
941,J,
942,J,Jack Sloper
943,J,Josiah Jackson
944,J,Jacob Kowalski
945,J,Jacques Miskine
946,J,James Potter
947,J,James Sirius Potter
948,J,James Steward
949,J,Janus Thickey
950,J,Jarleth Hobart
951,J,Mary Jauncey
952,J,Jazz singer
953,J,Bonawentura Wójcik
954,J,Jean-Baptiste Bloncourt
955,J,Karl Jenkins
956,J,Jackie Jernigan
957,J,Leonard Jewkes
958,J,Arsenius Jigger
959,J,Jim McGuffin
960,J,Jimmy Peakes
961,J,João Coelho
962,J,Jocunda Sykes
963,J,Joey Jenkins
964,J,Johannes Jonker
965,J,John Dawlish
966,J,Angelina Johnson
967,J,Sylvian Jolicoeur
968,J,Gwenog Jones
969,J,Hestia Jones
970,J,Mr. Jordan
971,J,Jordan family
972,J,Lee Jordan
973,J,Jorkins family
974,J,Albert Jorkins
975,J,Bertha Jorkins
976,J,Granville Jorkins
977,J,Grimwold Jorkins
978,J,Griselda Harmonia Jorkins
979,J,Primrose Jorkins
980,J,Stamford Jorkins
981,J,José Barboza
982,J,Joscelind Wadcock
983,J,Josefina Calderon
984,J,Josef Wronski
985,J,Josephina Flint
986,J,Joseph Snuka
987,J,Joshua Sankara
988,J,Josiah Plunkett
989,J,Jugson
990,J,Herman Junker
991,J,Justin Finch-Fletchley
992,J,Justus Pilliwickle
993,K,
994,K,Laurena Kama
995,K,Igor Karkaroff
996,K,Karkus
997,K,Karl Jenkins
998,K,Karl and Kevin Broadmoor
999,K,Karl Wang
1000,K,Katie Bell
1001,K,Roland Kegg
1002,K,Kendra Dumbledore
1003,K,Kenneth Towler
1004,K,Kennilworthy Whisp
1005,K,Silvanus Kettleburn
1006,K,Kevin
1007,K,Kevin Entwhistle
1008,K,Kevin Hopwood
1009,K,Kevin's parents
1010,K,Kevin Whitby
1011,K,Aidan Kiely
1012,K,King Arthur
1013,K,King George III
1014,K,King Henry VI
1015,K,Kingsley Shacklebolt
1016,K,King William I
1017,K,Andrew Kirke
1018,K,Kirley Duke
1019,K,Porteus Knatchbull
1020,K,Irene Kneedander
1021,K,Jacob Kowalski
1022,K,Quentin Kowalski
1023,K,Kquewanda Bailey
1024,K,Krafft
1025,K,Krall
1026,K,Kreacher
1027,K,Sigrid Kristoffersen
1028,K,Mrs. Krum
1029,K,Mr. Krum
1030,K,Viktor Krum
1031,K,Kimiko Kurosawa
1032,L,
1033,L,Lachlan the Lanky
1034,L,Ladislaw Zamojski
1035,L,Lady Carmilla Sanguina
1036,L,Lady Grieve
1037,L,Fifi LaFolle
1038,L,Stubby Lamont
1039,L,Lamont family
1040,L,Hector Lamont
1041,L,Lancelot
1042,L,Landislaw Zamojski
1043,L,landlady of the Green Dragon
1044,L,landlord of The Hanged Man
1045,L,Langdon Shaw
1046,L,Laura Madley
1047,L,Laurena Kama
1048,L,Laurentia Fletwock
1049,L,Lavender Brown
1050,L,Laverne de Montmorency
1051,L,Artemius Lawson
1052,L,Nobby Leach
1053,L,Leanne
1054,L,Lee Jordan
1055,L,left with black-and-white hair for a while
1056,L,Lenelle Paraison
1057,L,Lennox Campbell
1058,L,Leonard Jewkes
1059,L,Leonard Spencer-Moon
1060,L,Leopoldina Smethwyk
1061,L,Corvus Lestrange Jr.
1062,L,Corvus Lestrange Sr.
1063,L,Lestrange family
1064,L,Leta Lestrange
1065,L,Radolphus Lestrange
1066,L,Leticia Somnolens
1067,L,Levina Monkstanley
1068,L,Levski
1069,L,Bogomil Levski
1070,L,Levski family
1071,L,Libatius Borage
1072,L,Lilith Molesby
1073,L,Lily Moon
1074,L,Lily Luna Potter
1075,L,Lily Potter
1076,L,Linfred of Stinchcombe
1077,L,Lisa Turpin
1078,L,Lisette de Lapin
1079,L,Sue Li
1080,L,Livius
1081,L,Dangerous Dai Llewellyn
1082,L,Gilderoy Lockhart
1083,L,"Augusta ""Gran"" Longbottom"
1084,L,Longbottom family
1085,L,Neville Longbottom
1086,L,Carlos Lopez
1087,L,Lorcan d'Eath
1088,L,Lorcan McLaird
1089,L,Lorcan Scamander
1090,L,Lord North
1091,L,Lord Palmerston
1092,L,Lord Stoddard Withers
1093,L,Lord Voldemort
1094,L,Louis Weasley
1095,L,Lovegood family
1096,L,Luna Lovegood
1097,L,Loxias
1098,L,Lucas Bargeworthy
1099,L,Lucas Picquery
1100,L,Luciano Volpi
1101,L,Lucius Malfoy (I)
1102,L,Lucius Malfoy
1103,L,Luc Millefeuille
1104,L,Lucretia Black
1105,L,Lucy Weasley
1106,L,Ludo Bagman
1107,L,Artemisia Lufkin
1108,L,Lars Lundekvam
1109,L,Teddy Lupin
1110,L,Lupin family
1111,L,Remus Lupin
1112,L,Lyall Lupin
1113,L,Lycoris Black
1114,L,Aidan Lynch
1115,L,Lysander Scamander
1116,L,Lysandra Yaxley
1117,M,
1118,M,MacBoon family
1119,M,Morag Macdougal
1120,M,Macduff
1121,M,Mungo MacDuff
1122,M,Hamish MacFarlan
1123,M,MacFusty clan
1124,M,Ernie Macmillan
1125,M,Macmillan family
1126,M,Walden Macnair
1127,M,Torquil MacTavish
1128,M,Madame Bonhabille
1129,M,Madam Edgecombe
1130,M,Madam Eloise Mintumble
1131,M,Griselda Marchbanks
1132,M,Madam Hooch
1133,M,Madam Marsh
1134,M,Madam Z. Nettles
1135,M,Irma Pince
1136,M,Madam Primpernelle
1137,M,Madam Puddifoot
1138,M,Madam Rosmerta
1139,M,Madam Ya Zhou
1140,M,Alasdair Maddock
1141,M,Queen Maeve
1142,M,Mafalda
1143,M,Mafalda Hopkirk
1144,M,Magenta Comstock
1145,M,"Magnus ""Dent Head"" Macdonald"
1146,M,Magorian
1147,M,maid at the Riddle House
1148,M,Maisie Cattermole
1149,M,Malcolm
1150,M,Malcolm Baddock
1151,M,Malcolm McGonagall
1152,M,Malécrit
1153,M,male student who accidentally Transfigured his friend into a badger
1154,M,Abraxas Malfoy
1155,M,Armand Malfoy
1156,M,Brutus Malfoy
1157,M,Draco Malfoy
1158,M,Malfoy family
1159,M,Lucius Malfoy (I)
1160,M,Lucius Malfoy
1161,M,Narcissa Malfoy
1162,M,Nicholas Malfoy
1163,M,Scorpius Malfoy
1164,M,Septimus Malfoy
1165,M,Madam Malkin
1166,M,Mallory Twiddle
1167,M,Malodora Grymm
1168,M,Roger Malone
1169,M,manager of Flourish and Blotts
1170,M,Mandy Brocklehurst
1171,M,Marcus Belby
1172,M,Marcus Flint
1173,M,Marietta Edgecombe
1174,M,Marius
1175,M,Marius Black
1176,M,Aunt Marge Dursley
1177,M,Mark Evans
1178,M,Marlene McKinnon
1179,M,Marlow
1180,M,"Martha, mother of James Steward"
1181,M,Martha Sayre Steward's husband
1182,M,Martha Steward
1183,M,Martin Miggs
1184,M,Marvolo Gaunt
1185,M,Mary Dorkins
1186,M,Mary Elizabeth Cattermole
1187,M,Mary Jauncey
1188,M,Mary Lou Barebone
1189,M,Mary MacDonald
1190,M,Masaki Hongo
1191,M,Mr. and Mrs. Mason
1192,M,Matilda Dukelow
1193,M,Mauler
1194,M,Olympe Maxime
1195,M,Maximillian Crowdy
1196,M,Maximus Brankovitch III
1197,M,Dougal McBride
1198,M,McClaggan
1199,M,McClivert Clan
1200,M,Catriona McCormack
1201,M,Meaghan McCormack
1202,M,Natalie McDonald
1203,M,Elizabeth McGilliguddy
1204,M,McGonagall family
1205,M,Minerva McGonagall
1206,M,"Robert McGonagall, The Reverend"
1207,M,Jim McGuffin
1208,M,Cormac McLaggen
1209,M,Lorcan McLaird
1210,M,Cormack McLeod
1211,M,Dugald McPhail
1212,M,Quintia McQuoid
1213,M,Tarquin McTavish
1214,M,Dorcas Meadowes
1215,M,Megan Jones
1216,M,Melania Macmillan
1217,M,Araminta Meliflua
1218,M,Melinda Bobbin
1219,M,Melusine
1220,M,members of the Accidental Magic Reversal Squad
1221,M,Mercy Ojukwu
1222,M,Mercy Wardwell
1223,M,Merlin
1224,M,Merope Gaunt
1225,M,Galatea Merrythought
1226,M,Merton Graves
1227,M,Mervyn Fenwick
1228,M,Merwyn the Malicious
1229,M,Mentor Metaxas
1230,M,Michael Corner
1231,M,Eloise Midgen/Eloise Midgeon
1232,M,Miles Bletchley
1233,M,Luc Millefeuille
1234,M,Millicent Bagnold
1235,M,Millicent Bulstrode
1236,M,Hortensia Milliphutt
1237,M,Milly
1238,M,Minette Lestrange
1239,M,Ministry wizard dealing with Archie
1240,M,Ministry wizard dealing with toy broomstick incident
1241,M,Ministry wizard in plus-fours
1242,M,Ministry wizards who carry the World Cup up to the Top Box
1243,M,Ministry wizards who separate the Veela from the Leprechauns
1244,M,Ministry wizard in tweed suit and galoshes with large gold watch
1245,M,Mirabella Plunkett
1246,M,Miranda Goshawk (1921-)
1247,M,Miranda Goshawk (fl. 1800)
1248,M,Miriam Strout
1249,M,Jacques Miskine
1250,M,Mnemone Radford
1251,M,Cuthbert Mockridge
1252,M,Modesty Barebone
1253,M,Modesty Rabnott
1254,M,Arnulf Moe
1255,M,Eupraxia Mole
1256,M,Lilith Molesby
1257,M,Molly Weasley (II)
1258,M,Molly Weasley
1259,M,Momolou Wotorson
1260,M,Monica Wilkins
1261,M,Monsieur Delacour
1262,M,Mr. and Mrs. Montague
1263,M,Montague
1264,M,Montague Knightly
1265,M,Montgomery sisters
1266,M,Mad-Eye Moody
1267,M,Dennis Moon
1268,M,Regulus Moonshine
1269,M,Mopsus (Divination professor)
1270,M,Mopsus (Greek soothsayer)
1271,M,Mopsy Fleabert
1272,M,Moran
1273,M,Ethelbald Mordaunt
1274,M,Morfin Gaunt
1275,M,Morgan
1276,M,Gwendolyn Morgan
1277,M,Morgana / Morgan le Fay
1278,M,Valmai Morgan
1279,M,Morholt
1280,M,Morrigan
1281,M,Mortlake
1282,M,Mosag
1283,M,Hassan Mostafa
1284,M,Old Mother Hubbard
1285,M,three Muggle boys who attack Ariana
1286,M,Muggle postal carrier on the Ottery St Catchpole route
1287,M,Muggle postal carrier on the Privet Drive route
1288,M,Muggle Prime Minister
1289,M,three Muggle taxi drivers
1290,M,Muggle tramp
1291,M,Mulciber
1292,M,Burdock Muldoon
1293,M,Mullet
1294,M,Zacharias Mumps
1295,M,Eric Munch
1296,M,Mundungus Fletcher
1297,M,Mungo Bonham
1298,M,Harfang Munter
1299,M,Murcus
1300,M,Auntie Muriel
1301,M,Eunice Murray
1302,M,Musidora Barkwith
1303,M,Mustafa Kama
1304,M,Mylor Sylvanus
1305,M,Myron Otherhaus
1306,M,Myron Wagtail
1307,M,Myrtle Warren
1308,M,Moaning Myrtle
1309,N,
1310,N,Nagel
1311,N,Nagini
1312,N,Nagnok
1313,N,Narcissa Malfoy
1314,N,Narinder Singh
1315,N,Natalie McDonald
1316,N,Niko Nenad
1317,N,Nerida Vulchanova
1318,N,Neville's Grandad
1319,N,Neville Longbottom
1320,N,Newt Scamander
1321,N,Newt Scamander's mother
1322,N,Ngapo Ponika
1323,N,Nearly-Headless Nick
1324,N,Nicholas Malfoy
1325,N,Nicolas Flamel
1326,N,Phineas Nigellus Black
1327,N,Nikola Vassileva
1328,N,Nobby Leach
1329,N,Norbert/Norberta
1330,N,Noriko Sato
1331,N,Mrs. Norris
1332,N,Norvel Twonk
1333,N,Nott
1334,N,Cantankerus Nott
1335,N,Nott family
1336,N,Theodore Nott
1337,N,Günther the Violent
1338,N,Nugent Potts
1339,N,Nymphadora Tonks
1340,O,
1341,O,Idris Oakby
1342,O,Oakden Hobday
1343,O,Otto Obermeier
1344,O,Mr. Oblansk (or Obalonsk)
1345,O,Octavius Pepper
1346,O,Winkus Oddpick
1347,O,Oddvar Spillum
1348,O,Odo the Hero
1349,O,Ogden
1350,O,Bob Ogden
1351,O,Tiberius Ogden
1352,O,Ogg
1353,O,Dunbar Oglethorpe
1354,O,Mercy Ojukwu
1355,O,Aliko Okoye
1356,O,Olaf
1357,O,Olive Hornby
1358,O,Olive Hornby's brother
1359,O,Oliver Rivers
1360,O,Oliver Wood
1361,O,Oliver Wood's parents
1362,O,Ollivander family
1363,O,Garrick Ollivander
1364,O,Geraint Ollivander
1365,O,Gerbold Octavius Ollivander
1366,O,Gervaise Ollivander
1367,O,Olympe Maxime
1368,O,through the Omnioculars
1369,O,Oona
1370,O,Orabella Nuttley
1371,O,Orford Umbridge
1372,O,Orion Black
1373,O,Orla Quirke
1374,O,Orsino Thruston
1375,O,Ortiz O'Flaherty
1376,O,Unctuous Osbert
1377,O,Oswald Beamish
1378,O,Myron Otherhaus
1379,O,Otmar Frick
1380,O,Ottaline Gambol
1381,O,Otto Bagman
1382,O,Owen Cauldwell
1383,P,
1384,P,Pandora Lovegood
1385,P,Panju Weasley
1386,P,Paracelsus
1387,P,Lenelle Paraison
1388,P,parents of the two young witches on toy broomsticks
1389,P,Parkin family
1390,P,Parkinson family
1391,P,Pansy Parkinson
1392,P,Perseus Parkinson
1393,P,Walter Parkin
1394,P,Mr. and Mrs. Patil
1395,P,Padma Patil
1396,P,Parvati Patil
1397,P,Patricia Stimpson
1398,P,Patrick
1399,P,Sir Patrick Delaney-Podmore
1400,P,patrons at the Hanged Man
1401,P,Randolph Pauncefoot
1402,P,Mr. Paws
1403,P,Mr. Payne
1404,P,Jimmy Peakes
1405,P,Abraham Peasegood
1406,P,Arnie Peasegood
1407,P,Angelus Peel
1408,P,Peeves
1409,P,Penelope Clearwater
1410,P,Daisy Pennifold
1411,P,Miss Pennyfeather
1412,P,Phoebus Penrose
1413,P,Percival Dumbledore
1414,P,Percival Graves
1415,P,Percy Weasley
1416,P,Perenelle Flamel
1417,P,Perkins
1418,P,Perkins (Binns' mistaken name for Harry)
1419,P,Sally-Anne Perks
1420,P,Perpetua Fancourt
1421,P,Petrova Porskoff
1422,P,Peter Pettigrew's mother
1423,P,Peter Pettigrew
1424,P,Petunia Dursley
1425,P,Antioch Peverell
1426,P,Peverell family
1427,P,Iolanthe Peverell
1428,P,Thorsten Pfeffer
1429,P,Philbert Deverill
1430,P,Phineas Black
1431,P,Phineas Fletcher
1432,P,Phineas Nigellus Black
1433,P,photographer for the Daily Prophet
1434,P,Phyllida Spore
1435,P,Pickett
1436,P,Lucas Picquery
1437,P,Pierre Bonaccord
1438,P,Piers Polkiss
1439,P,Pigwidgeon
1440,P,Justus Pilliwickle
1441,P,Bernie Pillsworth
1442,P,Irma Pince
1443,P,Carlotta Pinkstone
1444,P,Pinky
1445,P,Dagbert Pips
1446,P,Pius Thicknesse
1447,P,platform guard
1448,P,Yardley Platt
1449,P,Josiah Plunkett
1450,P,Mirabella Plunkett
1451,P,Samuel Plunkett
1452,P,Gulliver Pokeby
1453,P,Royden Poke
1454,P,Poliakoff
1455,P,Mrs. Polkiss
1456,P,Pollux Black
1457,P,Polly Chapman
1458,P,Pomona Sprout
1459,P,Ngapo Ponika
1460,P,Ivan Popa
1461,P,Poppy
1462,P,Poppy Pomfrey
1463,P,Quong Po
1464,P,Tina Goldstein
1465,P,Porteus Knatchbull
1466,P,Portkey Tout
1467,P,Portly ghost who was almost eating
1468,P,"Martha, mother of James Steward"
1469,P,Abraham Potter
1470,P,Albus Potter
1471,P,Charlus Potter
1472,P,Potter family
1473,P,Fleamont Potter
1474,P,Harry Potter
1475,P,"Henry ""Harry"" Potter"
1476,P,James Potter
1477,P,James Sirius Potter
1478,P,Lily Luna Potter
1479,P,Lily Potter
1480,P,Mrs. Potter nee Fleamont
1481,P,Nugent Potts
1482,P,Ernie Prang
1483,P,Prendergast
1484,P,Mr. Prentice
1485,P,Fabian Prewett
1486,P,Prewett family
1487,P,Gideon Prewett
1488,P,Madam Primpernelle
1489,P,Primrose Jorkins
1490,P,Pringle
1491,P,Priscilla Dupont
1492,P,Graham Pritchard
1493,P,D.J. Prod
1494,P,Mrs. Prod
1495,P,Prod family
1496,P,Demetrius J. Prod
1497,P,Elsie Prod
1498,P,Professor Binns
1499,P,Helbert Spleen
1500,P,Professor Mordicus Egg
1501,P,Quirinus Quirrell
1502,P,Professor Saul Croaker
1503,P,Professor Sinistra
1504,P,Professor Tofty
1505,P,Professor Vector
1506,P,Wilhelmina Grubbly-Plank
1507,P,Proudfoot
1508,P,Prudence
1509,P,Ptolemy
1510,P,Adrian Pucey
1511,P,Doris Purkiss
1512,P,Augustus Pye
1513,Q,
1514,Q,Quintia Qarase
1515,Q,Samuel G. Quahog
1516,Q,Queen Elizabeth I
1517,Q,Queenie Goldstein
1518,Q,Queenie Greengrass
1519,Q,Queen Maeve
1520,Q,Queen Victoria
1521,Q,Quentin Kowalski
1522,Q,Quentin Trimble
1523,Q,The Quibbler's Ministry insider source
1524,Q,Quigley
1525,Q,Finbar Quigley
1526,Q,Hambledon Quince
1527,Q,Quintia McQuoid
1528,Q,Quintius Umfraville
1529,Q,Quintus Harcourt
1530,Q,Ballyfumble Stranger
1531,Q,Orla Quirke
1532,Q,Quirinus Quirrell
1533,Q,Quong Po
1534,R,
1535,R,Rabastan Lestrange
1536,R,Modesty Rabnott
1537,R,Urquhart Rackharrow
1538,R,Raczidian
1539,R,Mnemone Radford
1540,R,Radolphus Lestrange
1541,R,Radolphus Pittiman
1542,R,Radulf
1543,R,Rafael Santos
1544,R,Ragmar Dorkins
1545,R,Ragnok the Pigeon-Toed
1546,R,Ragnuk the First
1547,R,Ralston Potter
1548,R,Rancorous Carpe
1549,R,Randolph Keitch
1550,R,Randolph Pauncefoot
1551,R,Randolph Spudmore
1552,R,Rapier
1553,R,Emily Rappaport
1554,R,Xavier Rastrick
1555,R,Raul Almeida
1556,R,The Grey Lady
1557,R,Helena Ravenclaw
1558,R,Rowena Ravenclaw
1559,R,Rawya Zaghloul
1560,R,Receptionist
1561,R,Red
1562,R,Reginald Cattermole
1563,R,Regulus Black
1564,R,Regulus Black (1906)
1565,R,Regulus Moonshine
1566,R,Remus Lupin
1567,R,Iefan Rice
1568,R,Mr. and Mrs. Riddle
1569,R,Delphi
1570,R,Riddle family
1571,R,Tom Marvolo Riddle
1572,R,Rionach Sayre
1573,R,Rionach Steward
1574,R,Ripper
1575,R,Rita Skeeter
1576,R,Ritchie Coote
1577,R,River
1578,R,Oliver Rivers
1579,R,Robert Grimsditch
1580,R,Robert Hilliard
1581,R,"Robert McGonagall, The Reverend"
1582,R,"Robert McGonagall, Jr."
1583,R,Mr. Roberts
1584,R,Mrs. Roberts
1585,R,two Roberts children
1586,R,Demelza Robins
1587,R,Berthilde Roche
1588,R,Roddy Pontner
1589,R,Rodent
1590,R,Roderick Plumpton
1591,R,Rodolphus Lestrange
1592,R,Roger Davies
1593,R,Roger Davies' Girlfriend
1594,R,Roger Malone
1595,R,Roland Kegg
1596,R,Rolf Scamander
1597,R,Romilda (Goshawk?)
1598,R,Romilda Vane
1599,R,Romilda Vane's grandmother
1600,R,Romulus
1601,R,Ron Weasley
1602,R,Ronan
1603,R,Augustus Rookwood
1604,R,Roonil Wazlib
1605,R,Rosalind Antigone Bungs
1606,R,Rose Granger-Weasley
1607,R,Rose Zeller
1608,R,Evan Rosier
1609,R,Rosier family
1610,R,Madam Rosmerta
1611,R,Rowle
1612,R,Damocles Rowle
1613,R,Euphemia Rowle
1614,R,Rowle family
1615,R,Thorfinn Rowle
1616,R,J. K. Rowling
1617,R,Roxanne Weasley
1618,R,Royal
1619,R,Royden Poke
1620,R,Royston Idlewind
1621,R,Rubeus Hagrid
1622,R,Ruby
1623,R,Rudolf Brand
1624,R,Rudolph Spielman
1625,R,Grugwyn Rufford
1626,R,Rufus Fudge
1627,R,Rufus Scrimgeour
1628,R,Runcorn
1629,R,Albert Runcorn
1630,R,Rupert 'Axebanger' Brookstanton
1631,R,Rutherford Poke
1632,R,Barry Ryan
1633,R,Ryuichi Yamaguchi
1634,S,
1635,S,Sacharissa Tugwood
1636,S,Sally-Anne Perks
1637,S,Sally Smith
1638,S,Sam
1639,S,Samson Wiblin
1640,S,Samuel Equiano
1641,S,Samuel Plunkett
1642,S,Samuel G. Quahog
1643,S,Sanguini
1644,S,Joshua Sankara
1645,S,Rafael Santos
1646,S,Selina Sapworthy
1647,S,Noriko Sato
1648,S,Professor Saul Croaker
1649,S,Savage
1650,S,Almerick Sawbridge
1651,S,Queen Victoria
1652,S,Sayre Family
1653,S,Scabbers
1654,S,Scabior
1655,S,Scamander family
1656,S,Tina Goldstein
1657,S,Newt Scamander
1658,S,Rolf Scamander
1659,S,Theseus Scamander
1660,S,Scarpin
1661,S,Scorpius Malfoy
1662,S,Screaming Bogey of Strathtully
1663,S,Brutus Scrimgeour
1664,S,Rufus Scrimgeour
1665,S,Scrivenshaft
1666,S,Seamus Finnigan
1667,S,Selwyn
1668,S,Selwyn family
1669,S,Septimus Malfoy
1670,S,Septimus Weasley
1671,S,Seraphina Picquery
1672,S,Sgt. Fisher
1673,S,Shacklebolt family
1674,S,Kingsley Shacklebolt
1675,S,Shafiq family
1676,S,Shanice Higgins
1677,S,Henry Shaw
1678,S,Henry Shaw Jr.
1679,S,Langdon Shaw
1680,S,Shikoba Wolfe
1681,S,Derwent Shimpling
1682,S,Gaspard Shingleton
1683,S,Shintaro Shingo
1684,S,Sidney Todd
1685,S,Sigrid Kristoffersen
1686,S,Silvanus Kettleburn
1687,S,Tony Silva
1688,S,Silvio Astolfi
1689,S,Narinder Singh
1690,S,Professor Sinistra
1691,S,Sir Cadogan
1692,S,Sir Herbert Varney
1693,S,Sirius Black
1694,S,Sirius Black (1845)
1695,S,Sirius Black (1877)
1696,S,Sirius' Grandfather (Order of Merlin)
1697,S,Sir Luckless
1698,S,Sir Patrick Delaney-Podmore
1699,S,several sixth-year girls who form an unofficial Krum fan club
1700,S,Rita Skeeter
1701,S,Skender
1702,S,Harold Skively
1703,S,Mrs. Skowers
1704,S,Wilbert Slinkhard
1705,S,Jack Sloper
1706,S,Slughorn family
1707,S,Horace Slughorn
1708,S,Salazar Slytherin
1709,S,The Slytherin Squib
1710,S,Slytherin fifth-year
1711,S,Darius Smackhammer
1712,S,Enid Smeek
1713,S,Smeltings school nurse
1714,S,Hippocrates Smethwyck
1715,S,Leopoldina Smethwyk
1716,S,Zacharias Smith's father
1717,S,Hepzibah Smith
1718,S,Zacharias Smith
1719,S,Elizabeth Smudgling
1720,S,Georgina Smyth
1721,S,Eileen Prince Snape
1722,S,Snape family
1723,S,Severus Snape
1724,S,Tobias Snape
1725,S,Snatchers
1726,S,Barnaby Snell
1727,S,Snickerton
1728,S,Snowy
1729,S,Joseph Snuka
1730,S,Leticia Somnolens
1731,S,Son of Dorea and Charlus Potter
1732,S,Sophie Roper
1733,S,Sorting Hat
1734,S,Catullus Spangle
1735,S,Sparky
1736,S,"Faris ""Spout-hole"" Spavin"
1737,S,Leonard Spencer-Moon
1738,S,Rudolph Spielman
1739,S,Oddvar Spillum
1740,S,Alicia Spinnet
1741,S,Helbert Spleen
1742,S,Phyllida Spore
1743,S,Pomona Sprout
1744,S,Able Spudmore
1745,S,Spudmore family
1746,S,Randolph Spudmore
1747,S,Erica Stainwright
1748,S,Blenheim Stalk
1749,S,Stamford Jorkins
1750,S,Stan Shunpike
1751,S,Stebbins
1752,S,Stebbins (Auror)
1753,S,Stephen Cornfoot
1754,S,James Steward
1755,S,Stewart Ackerley
1756,S,St. Mungo
1757,S,Stoyanka Grozda
1758,S,Ballyfumble Stranger
1759,S,Miriam Strout
1760,S,Billy Stubbs
1761,S,Stubby Boardman
1762,S,Stubby Lamont
1763,S,student who was accidentally Transfigured into a badger
1764,S,students
1765,S,Grogan Stump
1766,S,Sturgis Podmore
1767,S,Sudanese Obscurial
1768,S,Sue Li
1769,S,Su Li
1770,S,Felix Summerbee
1771,S,Summerby
1772,S,Mr. Summers
1773,S,Summers
1774,S,Susan Blancheflower
1775,S,Susan Bones
1776,S,Havelock Sweeting
1777,S,Emeric Switch
1778,S,Sybill Trelawney
1779,S,Jocunda Sykes
1780,S,Sylvian Boigny
1781,S,Sylvian Jolicoeur
1782,S,Symposia Rawle
1783,S,Syna Hyslop
1784,T,
1785,T,Tangwystl (Goshawk?)
1786,T,Tarquin McTavish
1787,T,Tatting
1788,T,Ted
1789,T,Teddy Lupin
1790,T,Tenebrus
1791,T,Terence Higgs
1792,T,Terry Boot
1793,T,Tertius
1794,T,Theodard Fontaine
1795,T,Theodore Nott
1796,T,Theophilus Abbott
1797,T,Theseus Scamander
1798,T,Thiago Quintana
1799,T,Janus Thickey
1800,T,Pius Thicknesse
1801,T,Mr. and Mrs. Thomas
1802,T,Dean Thomas
1803,T,Thorfinn Rowle
1804,T,Thornton Harkaway
1805,T,Thorsten Pfeffer
1806,T,one hundred thousand spectators at the World Cup
1807,T,Orsino Thruston
1808,T,Thaddeus Thurkell
1809,T,Mr. Tibbles
1810,T,Tiberius
1811,T,Tiberius Ogden
1812,T,Albert Tillyman
1813,T,Violet Tillyman
1814,T,Tilly Toke
1815,T,Timothy Blenkinsop
1816,T,Tina Goldstein
1817,T,tiny old wizard in violet cloak
1818,T,title
1819,T,Titus
1820,T,Tobias Snape
1821,T,Sidney Todd
1822,T,Todoroki
1823,T,Achilles Tolliver
1824,T,Tom
1825,T,Tom (Bowtruckle)
1826,T,Tom Marvolo Riddle
1827,T,Tom Riddle Sr.
1828,T,Andromeda Tonks
1829,T,Ted Tonks
1830,T,Tonks family
1831,T,Tony Silva
1832,T,Alberta Toothill
1833,T,Tilden Toots
1834,T,Torquil MacTavish
1835,T,Kenneth Towler
1836,T,Tracey Davis
1837,T,Travers
1838,T,Travers family
1839,T,Torquil Travers
1840,T,Cassandra Trelawney
1841,T,Sybill Trelawney
1842,T,Trevor
1843,T,Trocar
1844,T,Troy
1845,T,Queen Elizabeth I
1846,T,Tuft Family
1847,T,Tufty
1848,T,Tufty-haired man who gives Dumbledore's eulogy
1849,T,Sacharissa Tugwood
1850,T,Adrian Tutley
1851,T,Aristotle Twelvetrees
1852,T,Dorcus Twelvetrees
1853,T,twenty Ministry wizards
1854,T,Mallory Twiddle
1855,T,Twilfitt
1856,T,Wilkie Twycross
1857,U,
1858,U,Ugga
1859,U,Ug the Unreliable
1860,U,Ulick Gamp
1861,U,Dolores Umbridge's brother
1862,U,Dolores Umbridge
1863,U,Umbridge family
1864,U,Quintius Umfraville
1865,U,Uncle Bilius
1866,U,Uncle Nobby
1867,U,Unctuous Osbert
1868,U,Albanian peasant
1869,U,Muggle tramp
1870,U,two unnamed Muggles in London
1871,U,unnamed witch in Bath
1872,U,Urg the Unclean
1873,U,Uric the Oddball
1874,U,Elphinstone Urquart
1875,U,Urquhart
1876,U,Urquhart Rackharrow
1877,U,Ursula Flint
1878,V,
1879,V,Vaisey
1880,V,Valentina Vázquez
1881,V,Valmai Morgan
1882,V,vampire now unable to eat anything but lettuce
1883,V,Emmeline Vance
1884,V,Romilda Vane
1885,V,Vargot
1886,V,Nikola Vassileva
1887,V,Venusia Crickerly
1888,V,Verity
1889,V,Vernon Dudley
1890,V,Vernon Dursley
1891,V,Veronica Smethley
1892,V,Vicky Frobisher
1893,V,Victoire Weasley
1894,V,Queen Victoria
1895,V,Viktor Krum
1896,V,Vincent Duc de Trefle-Picques
1897,V,Vincent Crabbe
1898,V,Vinda Rosier
1899,V,Violet
1900,V,Violetta Beauvais
1901,V,Violetta Bulstrode
1902,V,Violetta Hobday
1903,V,Violet Tillyman
1904,V,Vindictus Viridian
1905,V,Count Vlad Drakul
1906,V,Volkov
1907,V,Luciano Volpi
1908,V,Vulchanov
1909,V,Nerida Vulchanova
1910,V,Boris Vulchanov
1911,V,Vulchanov family
1912,W,
1913,W,Joscelind Wadcock
1914,W,Adalbert Waffling
1915,W,Wagga Wagga Werewolf
1916,W,Honest Willy Wagstaff
1917,W,Myron Wagtail
1918,W,Wailing Widow
1919,W,Yoshi Wakahisa
1920,W,Wakanda
1921,W,Walburga Black
1922,W,Walden Macnair
1923,W,Walter Parkin
1924,W,Wand-shine Elf
1925,W,Karl Wang
1926,W,Celestina Warbeck
1927,W,Irving Warble
1928,W,Mercy Wardwell
1929,W,Moaning Myrtle
1930,W,Warrington
1931,W,Warty Harris
1932,W,Fabius Watkins
1933,W,Wayne Hopkins
1934,W,Arthur Weasley
1935,W,Audrey Weasley
1936,W,Charlie Weasley
1937,W,Dominique Weasley
1938,W,Weasley family
1939,W,Fred Weasley (II)
1940,W,Fred Weasley
1941,W,George Weasley
1942,W,Ginny Weasley
1943,W,Louis Weasley
1944,W,Lucy Weasley
1945,W,Molly Weasley (II)
1946,W,Molly Weasley
1947,W,Panju Weasley
1948,W,Percy Weasley
1949,W,Ron Weasley
1950,W,Roxanne Weasley
1951,W,Septimus Weasley
1952,W,Victoire Weasley
1953,W,Bill Weasley
1954,W,Weatherby
1955,W,Webster Boot
1956,W,Webster Boot's wife
1957,W,Helmut Weiss
1958,W,Dorcas Wellbeloved
1959,W,Wendelin the Weird
1960,W,Wendell Wilkins
1961,W,Bridget Wenlock
1962,W,Willi Wenzel
1963,W,Kennilworthy Whisp
1964,W,Devlin Whitehorn
1965,W,Samson Wiblin
1966,W,Dempster Wiggleswade
1967,W,Wilhelm Wigworthy
1968,W,Wilbert Slinkhard
1969,W,Wilda Griffiths
1970,W,Ignatia Wildsmith
1971,W,Wilfred Elphick
1972,W,Wilfred the Wistful
1973,W,Wilhelm Fischer
1974,W,Wilhelmina Grubbly-Plank
1975,W,Wilhelmina Tuft
1976,W,Wilkes
1977,W,Wilkie Twycross
1978,W,Monica Wilkins
1979,W,Charity Wilkinson
1980,W,William
1981,W,William Sayre
1982,W,Benjy Williams
1983,W,Williamson
1984,W,Heliotrope Willis
1985,W,Willy Widdershins
1986,W,Gilbert Wimple
1987,W,Winkus Oddpick
1988,W,Winky
1989,W,Winston Churchill
1990,W,Herman Wintringham
1991,W,Welcome Witch
1992,W,witch who asked Barty Crouch Sr. to get a grip
1993,W,Witch who banished the Bandon Banshee
1994,W,witch with a hairy chin
1995,W,witch at Inquiries desk At St. Mungo's
1996,W,Witherwings
1997,W,wizard claiming to have flown to the moon on a Cleansweep 6
1998,W,wizarding souvenir sellers
1999,W,Wizard in a Purple Porkpie Hat
2000,W,some wizards folk who Apparated without a license
2001,W,wizard with a walrus moustache
2002,W,Shikoba Wolfe
2003,W,Wladyslaw Wolfke
2004,W,Wood family
2005,W,Oliver Wood
2006,W,Wool Woman
2007,W,World Cup Mediwizards
2008,W,Wormtail
2009,W,Eldred Worple
2010,W,Momolou Wotorson
2011,W,Bowman Wright
2012,W,Josef Wronski
2013,W,Wyvern of Wye
2014,X,
2015,X,Xavier Rastrick
2016,X,Georgios Xenakis
2017,X,Xenophilius Lovegood
2018,Y,
2019,Y,Ryuichi Yamaguchi
2020,Y,Yann Fredericks
2021,Y,Yardley Platt
2022,Y,Corban Yaxley
2023,Y,Yaxley family
2024,Y,several fifth-year girls
2025,Y,two first-year girls frightened into hysterics by Filch
2026,Y,yeti with a head-cold
2027,Y,Yoshi Wakahisa
2028,Y,Cyprian Youdle
2029,Y,Young Red-Haired Witch
2030,Y,two young witches on toy broomsticks
2031,Y,Yusuf Kama
2032,Y,Yvonne
2033,Z,
2034,Z,Blaise Zabini
2035,Z,Zacharias Smith
2036,Z,Zacharias Smith's father
2037,Z,Zacharias Mumps
2038,Z,Rawya Zaghloul
2039,Z,Zamira Gulch
2040,Z,Ladislaw Zamojski
2041,Z,Georgi Zdravko
2042,Z,Zograf
2043,Z,Zonko
2044,Z,Valentina Vázquez
2045,Z,Zygmunt Budge
